Nome,Bairro,Data,Conheça,A partir de,Simule,Cidade
Metropolitan Marista,Setor Marista,Set/2026,Conheça,nan,nan,nan
FR. Atlant,Jardim Atlântico,Set/2026,Conheça,nan,nan,nan
Rota Panorama - Fase 2,Setor Coimbra,Set/2026,Conheça,nan,nan,nan
Areião 1141,Setor Marista,nan,nan,"R$ 1,10 milhão",Simule,nan
City Code Areião,Setor Marista,nan,nan,R$ 404 mil,Simule,nan
Una Areião,Setor Pedro Ludovico,nan,nan,R$ 623 mil,Simule,nan
Le Blu Consciente,Setor Marista,nan,nan,"R$ 1,95 milhão",Simule,nan
Tempo Flamboyant Residencial,Jardim Goiás,nan,nan,R$ 770 mil,Simule,nan
Greco Parque Cascavel,Vila Rosa,nan,nan,R$ 528 mil,Simule,nan
Icoon Home Resort,Jardim Europa,nan,nan,R$ 280 mil,Simule,nan
Lançamento Flamboyant Urbanismo - Rua 13,Jardim Goiás,Nov/2026,nan,nan,nan,nan
Pré-lançamento City Parque Areião,Setor Marista,Nov/2026,nan,nan,nan,nan
Pré-lançamento MZN,Setor Marista,Nov/2026,nan,nan,nan,nan
Gran VIC Origem,Jardim Califórnia,Set/2026,nan,nan,nan,nan
Lançamento Antares,Setor Oeste,Nov/2026,nan,nan,nan,nan
Lançamento FR Vila Rosa,Vila Rosa,Dez/2026,nan,nan,nan,nan
Lançamento Sousa Andrade - Alto da Glória,Alto da Glória,Nov/2026,nan,nan,nan,nan
Areião 1141,Setor Marista,nan,nan,nan,nan,Goiânia
City Code Areião,Setor Marista,nan,nan,nan,nan,Goiânia
Una Areião,Setor Pedro Ludovico,nan,nan,nan,nan,Goiânia
Le Blu Consciente,Setor Marista,nan,nan,nan,nan,Goiânia
Metropolitan Marista,Setor Marista,nan,nan,nan,nan,Goiânia
Tempo Flamboyant Residencial,Jardim Goiás,nan,nan,nan,nan,Goiânia
Greco Parque Cascavel,Vila Rosa,nan,nan,nan,nan,Goiânia
FR. Atlant,Jardim Atlântico,nan,nan,nan,nan,Goiânia
Icoon Home Resort,Jardim Europa,nan,nan,nan,nan,Goiânia
Rota Panorama - Fase 2,Setor Coimbra,nan,nan,nan,nan,Goiânia
